{
    "accuracy": [
        0.9333333333333333,
        0.8,
        1.0,
        0.8,
        1.0,
        0.7857142857142857,
        0.8571428571428571,
        1.0,
        0.8571428571428571,
        0.7857142857142857
    ],
    "macro_f1": [
        0.9333333333333332,
        0.7999999999999999,
        1.0,
        0.7944444444444444,
        1.0,
        0.7888888888888889,
        0.8539682539682539,
        1.0,
        0.7777777777777777,
        0.7333333333333334
    ]
}