{
    "accuracy": [
        0.9333333333333333,
        0.7333333333333333,
        1.0,
        0.8,
        1.0,
        0.5,
        0.6428571428571429,
        0.9285714285714286,
        0.9285714285714286,
        0.8571428571428571
    ],
    "macro_f1": [
        0.9333333333333332,
        0.7333333333333334,
        1.0,
        0.8039682539682539,
        1.0,
        0.48333333333333334,
        0.6333333333333333,
        0.9111111111111111,
        0.9111111111111111,
        0.7777777777777777
    ]
}