{
    "accuracy": [
        0.8666666666666667,
        0.8,
        1.0,
        1.0,
        1.0,
        0.9285714285714286,
        0.7142857142857143,
        0.9285714285714286,
        0.7857142857142857,
        0.7857142857142857
    ],
    "macro_f1": [
        0.861111111111111,
        0.7999999999999999,
        1.0,
        1.0,
        1.0,
        0.9333333333333332,
        0.7333333333333333,
        0.9206349206349206,
        0.7666666666666666,
        0.7333333333333334
    ]
}