{
    "accuracy": [
        0.8666666666666667,
        0.8,
        1.0,
        0.9333333333333333,
        1.0,
        0.9285714285714286,
        0.7857142857142857,
        0.9285714285714286,
        0.8571428571428571,
        0.7857142857142857
    ],
    "macro_f1": [
        0.861111111111111,
        0.7999999999999999,
        1.0,
        0.9206349206349206,
        1.0,
        0.9333333333333332,
        0.7944444444444444,
        0.9111111111111111,
        0.8444444444444444,
        0.7333333333333334
    ]
}