{
    "accuracy": [
        0.8,
        0.6666666666666666,
        1.0,
        0.8,
        1.0,
        0.7857142857142857,
        0.8571428571428571,
        0.7142857142857143,
        0.7857142857142857,
        0.7142857142857143
    ],
    "macro_f1": [
        0.7944444444444444,
        0.6611111111111111,
        1.0,
        0.7944444444444444,
        1.0,
        0.7722222222222221,
        0.8539682539682539,
        0.6952380952380953,
        0.7722222222222223,
        0.653968253968254
    ]
}