{
    "accuracy": [
        0.8666666666666667,
        0.7333333333333333,
        0.9333333333333333,
        0.8666666666666667,
        1.0,
        0.7142857142857143,
        0.7857142857142857,
        0.7857142857142857,
        0.9285714285714286,
        0.7857142857142857
    ],
    "macro_f1": [
        0.861111111111111,
        0.7333333333333334,
        0.9333333333333332,
        0.8539682539682539,
        1.0,
        0.723015873015873,
        0.7833333333333332,
        0.7817460317460317,
        0.9111111111111111,
        0.6944444444444443
    ]
}