{
    "accuracy": [
        0.8666666666666667,
        0.6666666666666666,
        0.8666666666666667,
        0.8666666666666667,
        0.8571428571428571,
        0.5714285714285714,
        0.7857142857142857,
        0.9285714285714286,
        0.8571428571428571,
        0.7857142857142857
    ],
    "macro_f1": [
        0.861111111111111,
        0.6142857142857143,
        0.8777777777777778,
        0.8634920634920634,
        0.8694444444444445,
        0.5833333333333334,
        0.7944444444444444,
        0.9111111111111111,
        0.8444444444444444,
        0.7333333333333334
    ]
}