{
    "accuracy": [
        0.896551724137931,
        0.8620689655172413,
        0.8275862068965517,
        0.8275862068965517,
        0.8928571428571429
    ],
    "macro_f1": [
        0.8901098901098902,
        0.8598484848484849,
        0.8323232323232324,
        0.8255892255892255,
        0.8831168831168831
    ]
}