{
    "accuracy": [
        0.9333333333333333,
        0.9333333333333333,
        0.8,
        0.9333333333333333,
        0.9285714285714286,
        0.8571428571428571,
        0.7857142857142857,
        0.8571428571428571,
        0.9285714285714286,
        0.8571428571428571
    ],
    "macro_f1": [
        0.9333333333333332,
        0.9333333333333332,
        0.7817460317460316,
        0.9333333333333332,
        0.9206349206349206,
        0.8777777777777778,
        0.7944444444444444,
        0.8539682539682539,
        0.9111111111111111,
        0.7777777777777777
    ]
}