{
    "accuracy": [
        0.9333333333333333,
        0.8666666666666667,
        0.8666666666666667,
        0.8666666666666667,
        0.8571428571428571,
        0.7857142857142857,
        0.7857142857142857,
        0.8571428571428571,
        0.8571428571428571,
        0.7857142857142857
    ],
    "macro_f1": [
        0.9206349206349206,
        0.8555555555555555,
        0.8539682539682539,
        0.8761904761904762,
        0.861111111111111,
        0.7706349206349207,
        0.7944444444444444,
        0.7761904761904762,
        0.7777777777777777,
        0.7333333333333334
    ]
}