{
    "accuracy": [
        0.8666666666666667,
        0.7333333333333333,
        0.8,
        1.0,
        0.7857142857142857,
        0.7142857142857143,
        0.7142857142857143,
        0.8571428571428571,
        0.8571428571428571,
        0.7857142857142857
    ],
    "macro_f1": [
        0.861111111111111,
        0.7333333333333334,
        0.7861111111111111,
        1.0,
        0.753968253968254,
        0.7111111111111111,
        0.7166666666666667,
        0.8539682539682539,
        0.8333333333333334,
        0.7333333333333334
    ]
}