{
    "accuracy": [
        0.8666666666666667,
        0.9333333333333333,
        0.8666666666666667,
        0.8666666666666667,
        1.0,
        0.8571428571428571,
        0.8571428571428571,
        0.8571428571428571,
        0.7857142857142857,
        0.7857142857142857
    ],
    "macro_f1": [
        0.8611111111111112,
        0.9333333333333332,
        0.861111111111111,
        0.8666666666666667,
        1.0,
        0.8444444444444444,
        0.8666666666666667,
        0.8611111111111112,
        0.7111111111111111,
        0.6984126984126985
    ]
}